1,筋トレ,1
3,健康,1
3,健康,2
1,筋トレ,3
2,ダイエット,4
3,健康,5
2,ダイエット,6
3,健康,6
2,ダイエット,7
2,ダイエット,8
1,筋トレ,9
2,ダイエット,9
1,筋トレ,10
2,ダイエット,10
1,筋トレ,11
2,ダイエット,11
1,筋トレ,12
2,ダイエット,12
1,筋トレ,13
1,筋トレ,14
2,ダイエット,14
1,筋トレ,15
2,ダイエット,15
3,健康,15
2,ダイエット,16
3,健康,16
2,ダイエット,17
3,健康,17
2,ダイエット,18
3,健康,18
2,ダイエット,19
3,健康,19
2,ダイエット,20
3,健康,20
1,筋トレ,21
2,ダイエット,21
3,健康,21
1,筋トレ,22
2,ダイエット,22
3,健康,22
1,筋トレ,23
2,ダイエット,23
3,健康,23
1,筋トレ,24
2,ダイエット,25
3,健康,25
2,ダイエット,26
1,筋トレ,27
3,健康,28
1,筋トレ,29
1,筋トレ,30
2,ダイエット,30
1,筋トレ,31
1,筋トレ,32
1,筋トレ,33
3,健康,33
2,ダイエット,34
3,健康,34
3,健康,35
2,ダイエット,36
3,健康,36
1,筋トレ,37
3,健康,37
3,健康,38
2,ダイエット,39
3,健康,39
3,健康,40
1,筋トレ,41
2,ダイエット,41
3,健康,41
2,ダイエット,42
3,健康,42
3,健康,43
2,ダイエット,44
3,健康,44
3,健康,45
2,ダイエット,46
3,健康,46
1,筋トレ,47
1,筋トレ,48
3,健康,49
